ID,Name,Address,Country
1,Samuel Vimes,"11, Broadstreet
Ankh-Morpork",Ankh-Morpork
2,√Üthelwine B. Clobberfeld,"42 Yaren Drive
Yaren",Nauru
3,Polly,Amorous,Helsinki
4,Alejandro,"Elm Street 24
90921 Beverly
California",Mexico
5,Dr. Ackula,Ackermansion,USA
6,Pongo,"456 Abbot Close
Dublin
E21",Ireland
7,Donald Trump,"The White House
1600 Pennsylvania Avenue
Washington DC 10001",USA
8,Gandalf the Grey,"c/o Frodo Baggins
the Shire",Middle-Earth
9,Sauron,"Mordor
Middle Earth",The evil empire of Sauron <3
10,T.H.E.End,345947 Long Street,Nulla
11,Acidia Raine,"C/o Oskari Olematon
00 Zerostreet
00000 Inexistentia",Land of the free 
12,totu lotu,"Jaano
Soomaa
kuuse 1-2",eesti
13,Alan Foster,"1Foo
Ryde 12345
NSW, Australia",Australia
14,Cannoli Mumgabooboo,"5000 Twenty Avenue
Rectaria, Montofoofoo
334466",Killamaria
15,How to train dragons & not be burnt alive,"Current city, Mereen. All mail can be forwarded to Queen Daenerys Stormborn, The Palace, King's landing, Westeros. ",Westeros
16,Merry Brandybuck,"The Big House
Hobbiton",The Shire
17,Mariel Hill,"Upper Salthill
Galway",Ireland
18,Pullervo,"Toinen luoto vasemmalta
Pitkulaj√§rvi, Saimaa",Finland
19,Drizzt Do'Urden,House of Do'Urden,Menzoberranzan
20,Kamala Khan,"1524 Roosevelt Avenue
Jersey City
New Jersey",USA
21,Paddington Bear,"Aunt Lucy's Place,
Lima",Peru.
22,Katniss,"Snow House
Capitol
Panem",Panem
23,Wanda Maximoff,"Avengers Tower
New York City
New York",USA
24,Maija Mehilainen,"Maija Mehilainen
Bee Hive
Bee Hive City
Bee Province",Bee Country
25,Melissa Entwhistle,Tree 101 in the Hundred Acre Wood,Floramonde
26,Spendle Backreach,"17/6 Fin House
Chang Rai",Thailand
27,Jack T. Ladd,"12 Hook Lane
Pan City",Island of Lost Boys
28,Yappa Dappadoo,yappadappadoo@hotmail.com,Great Britain
29,Holy Moly,holymoly@yahoo.com,Italy
30,Tiff Duh,"A Street 5
12345 Town",This one
31,Jophan,"Arda Road 456
MF-149 Minas Tirith",People's Republic of G√∂nd√∂r
32,Domenic Jordan,"Ul. Testowa 23, Alestra",Alestra
33,Kate Aldridge ,"1001 Patterson Road
New York
NY 10011",United States 
34,Smurfette Smurf,"14 Raspberry lane
Smurftown 
Blue Woods",Great Waterland
35,Mr. Claus,"22 Rue de Rollingergrun
L-1244",Luxembourg
36,Kuching Hitam,"10 Jalan Kuching Belang
4809 Catopolis
",Kuching
37,Leonardo da Vinci,"Some Castle in Da Vinci, there's got to be one somewhere",Italian monarchy of Da Vinci
38,Evelyn Craven,"102 Evelyn Gardens, London",UK
39,Vilunki-Petteri Kusettaja,"Joenpohja 69
Turku",Finland
40,Vox Day,12 Fake Street,Finland
41,Ada Celeritas,"Convent of Cad Gadu
Wales
Stonehenge Tribunal",Order of Hermes
42,Juho Kusti,Turku,Finlandia
43,Rock Ayers,"Wagga Wagga
Cunnemulla",Australia
44,–ú—Ä–∞–∫–æ –ë–µ—Å–Ω–∏—à–∫–∏,"3.14 159 st
Knot Ere",EU
45,Susanna Niemel√§,"Loitsukatu 99
53999 Lappeenranta",Finland
46,Washington Irving,Llllanbury road,Ireland
47,Lord Tiberius Squee,"Squee House
Lordship Lane
Aegon's Hill
King's Landing",Westeros
48,Olivia Oil,√ñlstra√üe 33,Deutschland
49,Rene d'Herblay,"Hotel Treville
Paris",France
50,Wrestler Feelgood,"1111 Route 1   
Humptulips,  Washington",USA
51,Alec Ramsay,"8 Furlong Road
New York, NY 10001",USA
52,∆ènnd≈ì,"asdasdasd asdasdasd asdasdasd
adasdasdasdaaasdadasdasdasdadadasdasdasdasdasdadasdasdasdasdasdasdasdadadadasdasdasdasdasdasdasdasdasdasdasdasdasdads1234 1234",√ûee
53,Creator of Acorns,Red oak road 1112,Mother Tree
54,Freda Bloggs,"The Potting Shed
Verycoldland",Narnia
55,Inigo Montoya,"Small house by the pig shed
main road
capital city   YY8 33K",Dangerous
56,Boris McLovetrain,"451 Fahrenheit Street
Little Burning, Surrey
FU4 1PC",England
57,Saddest Puppy,"The Fortress of Solitude
1297967 Fedoraville
The Vale of Man-Tears",USA
58,Claude Deglar,"Ozark Love Camp
RR 41
Flippin, Arkansas",Coventry
59,Nguyen Pham Hoa,"Phantom street,
Genne 23B",Narnia
60,Turhikki M√∂hn√§-Kikkare,N√∂ss√§ntie 69,Vuolangan vapaavaltio
61,Roy Batty,"In the bathtub, Leon's apartment, somewhere around the second act of the movie.",USA
62,John Doe,"999 Lake St.
SW22 3TT",Andorra
63,Mahlah Z. Manasseh,"1234 Main Street
Gilead, MA 01555",USA
64,Vilhelmiina Val,Huvikummun suurin huvila,Narnia
65,Fake Name,Fake address (can be multiple lines) Iz nou bub,Suur-Espoo
66,Seleya Smith,Via Asimov 42,Italy
67,Crom,"The towers of glory
Third apartment to the left when you exit the elevator
Uranus",Atlantis
68,James Ildik√≥,"H-1899 Budapest
Fikt√≠v utca 82., IV. em./28, 2806",Hungary
69,Nikke Knakkerton,"Holzhausener Str 2
16866 Kyritz",Germany
70,Smedley T. Smedford,"525 Freedom Court
Galaxy City RI",USA
71,Rev. Tootles McBride,"62 the Grove
Aldrige
Staffs
BM45 6 TT",England
72,A,B,C
73,Minnie Musa,"7559 Immigrant Row
Killjoy, BC",Blingeria
74,Yrj√∂ √Ñij√∂,"Vapaudenajankatu 12 B 40
34560 Nikolainkaupunki
Finland",Finland
75,√Ñ√§kk√∂nen √Ñ√§k√∂tsalo,"Outsiderinkatu 42 D 79
FI-43210 Kerakekoski",Finland
76,Justin Muthafuckin TREUDAU,111123 Canada Breezeway,USA
77,Âè∂ÊñáÊ¥Å,ÂêâÊûóÁúÅÈïøÊò•Â∏ÇÂ§ßÂÖ¥ÂÆâÂ≤≠Á∫¢Â≤∏Âü∫Âú∞211ÂØùÂÆ§,‰∏≠ÂõΩ
78,Â∞èÁÅµÈÄö,Êú™Êù•Â∏ÇÊú™Êù•Ë°ó,‰∏≠ÂõΩ
79,Potato,Hashbrowns@wafflehouse.gov,Taterstan
80,Kfaker,ka@mbu.com,Canada
81,Ezekiah Horobowicz,"632 Rumgullion Avenue
Picklegritz ME",United States of Om
82,Medusa Sanctuary,"6-104 Main St
St Stephen, NB
A0G4A0",Canadia 
83,JRR Lewis,12 Old Brick Lane,Narnia
84,‡≤µ‡≤ø‡≤ß‡≤ø‡≤∞‡≥Ç‡≤™,"‡≤â‡≤µ‡≥Ü
‡≤¨‡≤®‡≥ç‡≤®‡≤ø‡≤∞‡≤ø",‡≤®‡≤®‡≤ó‡≥Ü ‡≤â‡≤ü‡≤µ‡≥Å ‡≤¨‡≥á‡≤ï‡≥Å
85,Ifihada Hammer,Parome,Moraviasia
86,Freddy Mercury,Penny Lane 13a,Great Britain
87,Rangoon Obama,"The Slightly-Grey House
Woolwich
South London",India 
88,Floney McFlooloo,"123 Madeup Street
Crazytown",Hy-Brasil
89,Arthur C. Clarke,End of Line 17,Rama
90,Bob Bobman ,"2-555 O'Connor St
Ottawa, ON, KIA 3R3",Canada 
91,PokeStop Game,27 holiday streer,USA 
92, Âõç ,Corridor #2510.87,Luna
93,John Ronald Ronaldo Tolkien ,"Royal Palace 
London
UK ",Uk
94,Hello World,"Line 34
Grid Eleven
Worldcon",Latveria
95,Mari Alfarero,"5010 Branchvile Road
College Park, MD",US
96,Vanta Black,"7779311 Blackstar Line
Chocolate City, DC",Sirius B
97,Lady Peter Wimsey,"101a Picadilly
London",England
98,Dr. Foo Bar,"1123 Foobar St.
Foo City 12345",Foobar Republic
99,Daavid Inkeroinen ,"Eka Vekarantie 666
Vankkalinna",Vizistan
100,Skull,0000 City St,Mars
101,Tigers Are Still Cute,"No,
Wait yes,
Maybe",Estonia
102,Jo Bitfsplk,"12358 Fibonacci Ramp
Bitfsplkville
VT  05678",USA
103,Melvin Morsmere,12345 Sinus Court,USA
104,Skarrin Kilgarrin,"12345 Front St
Skarrinville, WA 98101",USA
105,Renniw Franenstien,"Rose Cottage
Hillingdon
Greater London
UB23 6SY
UK",UK
106,Rƒôkos≈Çaw Samodzielny,"KrzƒÖtawica 6
11-666 ChrzƒÖszczy≈ºewoszyce",Poland
107,Tina Belcher,1375 Ocean Avenue,United States
108,Occupant,"line 1
under the stairs
hobbit hole",USSR
109,Putinoid,idiot@kremlin-kgb2.com,–†–æ—Å—Å–∏–π—Å–∫–∞—è –£–º—É–¥—Ä—è—Ü–∏—è
110,Eddie,edgar@example.com,Disunited Kingdom
111,–í–∏—Å–∏—Å—É–∞–ª–∏–π –õ–æ—Ö–∞–Ω–∫–∏–Ω,"–ß–µ—Ä–Ω–æ–º–æ—Ä—Å–∫–∞—è –æ–±–ª., –ß–µ—Ä–Ω–æ–º–æ—Ä—Å–∫, –í–æ—Ä–æ–Ω—å—è –°–ª–æ–±–æ–¥–∫–∞, 3",–ü–æ—Ä—Ç–æ—Ñ—Ä–∞–Ω—Ü–∏—è
112,"◊ô◊í◊ú◊í◊ú,",◊¶◊õ◊ú◊õ◊ú◊ù◊ê ◊ô◊í◊ô◊¢>,◊ó◊õ◊ú◊õ◊ú◊ì◊ú◊≥
113,"Foobar '';!--""<XSS>=&{()}","<IMG """"""><SCRIPT>alert(""XSS"")</SCRIPT>"">","<IMG onmouseover=""alert('xxs')"">"
114,Upstairs Hermit 3,12115 Upper Sinus Lane,USA
115,Bill O''Reilly,23 or 1=1,\''; DROP TABLE users; --
116,Kaylee Fry,"The Engine Room
Serenity
At the edge of the 'Verse",At the edge of the 'Verse
117,Falsity Tanner,"Riverside Park
Wales, MA 01081",USA
118,Journal of Amazing Doodads,"27 Mornington Crescent
London",UK
119,Arya Stark,"Winterfell, The North",Westeros
120,Rommi,Blacbeard's lair,Pirate union
121,Chivalry Farseer,"Buckkeep Castle
Buckkeep",Six Duchies
122,Vitruvius,"Bleek 6
4206 CD Gorinchem",Netherlands
123,See previous submission,Ditto,Monrovia
124,Regnad Kcin,"Great Sandstone Building
4th and Drucker
The City, Solidstate",Freedonia
125,Noody McNoodface,"118504 South Whalington Street, Cottonwood, AZ, 86326",United States
126,Kathryn Airey,"Flat A
20 Briar Road
Streelham
Mackfordshire
MF8 7EJ",United Kingdom
127,Œ§Œ∑ŒªŒ≠ŒºŒ±œáŒøœÇ,"20 ŒôŒ∏Œ¨Œ∫Œ∑ Street
ŒôŒ∏Œ¨Œ∫Œ∑",ŒïŒªŒªŒ¨Œ¥Œ±
128,Oobedoob Benubi ,12345 that's a terrible password blvd,Usa
129,Mario di noble,"11223 goat street
Pashmina 
Indiana ",Usa
130,Pernickity Fakename,"123 Pernickity Street
Truth or Cons",Pernickity Kingdom
131,Rock LeBateau,"25 Corn Way
Gold Lings, Snottinghame.
NG4 2PU",Grate Brittain. (aka UK)
132,Malia Obama,"1600 Pennsylvania Avenue
Washington, DC",United States
133,Metso Pekoni,Siank√§rs√§ 3B,Finland
134,Miles Naismith,"Vorkosigan House
Vorbarr Sultana",Barrayar
135,Grynet √Ö,"√Ürfugl√∏ya
8989  √Ö",Norway
136,Colorful Designer,"1234 Colorway Drive
Colorville, Colorado",U.S.A.
137,Bill Weinberg,"3120 Wilkinson Street
#13Z
Bronx, NY 10461",United States
138,Abashack'D'Or Ramirez Martinez Yanez Adenauer Schnickelfritz-Buzzkill,42,CH
139,Penn Gwyn,"448 Clinton Street
Toronto, Ontario",CANADA
140,Natasha Yar,"1701 Decker Drive,
Coalition, Cadres  41153",Turkana IV
141,Rix Enchanter,"4816 Dark Alley
West Freeport, Freeport  w1f 4p8",Antonica
142,Hamid D'Sousa,221B Baker St. Ave. Cir. Ct. Fortress,Yemen
143,Grargh,Fnorgh at Frarf,Blwrgh
144,1212 Pennsylvania Avenue ,Newtownabbey,Atlantis
145,Santa Claus,"1 Claus Way
Pole, North.  The
",NP
146,T. G. Writer,"Error Code 404
Word Processor
Macintosh",Apple
147,Tom of Finnair,"Tom of Finland Foundation
P.O. Box 26658 
Los Angeles, CA 90026",Finland
148,Brittany Bifftad,"235b Evergreen Lane, L2 R4
Tofftown, 0204235",Luna
149,Cihuapilli Apipiyalotzin,"2323 NoTecoto Huahuahntla, OZ",Fairy
150,Moggie McGato,"973 Catbox Lane
Katzenburg, Felidae 97CAT",Meow!
151,Hideki Motosuwa,"Chobits Street 1
00000 Tokyo",Japan
152,Alex Woodley,"Flat 3, 2 Wood Lane
Winchester
SO23 9XX
England",England
153,Fred the Great,"Secon Crater
245829 Mars",Universe
154,Sheila,"300 The Parade
Norwood, SA, 5072",Australia
155,Biggs McPearsen,"Apt Q
Saint Baloney Ave.
Fictionopolis",Amerada
156,Ashley Williams,"37 Ward Street
Oriente
Puerto Rico",USA
157,meow,"meow meow
meow 13-4-15-23",meow
158,Johnny,12345 Lane Lane  ,Potatopia
159,Blake Langsam,In that one particularly deep ditch in the park,United States 
160,Samwise Gamgee,"3 Bagshot Row Hobbiton, Westfarthing",Shire
161,Not Slim Shady,"Right Behind You
Your Adress
Your Location
Earth",Belgium
162,Schmingledommin Hurglebligger,"8397 Void Street
Void, Bigger Void",Biggest Void
163,Chlo√´ Glass,"27 Costello Road
Shantalla
Galway",Ireland 
164,Albus Percival Wulfric Brian Dumbledore,"Headmasters office, hogwarts, england, 1990s",J.K.Rowling's Brain
165,star climber,"3353553 rebel lane
hell, MI, 66666",USA
166,Arram Draper,4628 Wildmage Ave,Tortall
167,Ella Byrne,"Twas Brilight and the Slighty Toves
Did Gyre and Gimble",Sungaria
168,Optimus Prime,The Ark,Cybertron
169,Leina Rofe,"37 Ba'al St. 
Jevus
Paleshet
853093 ",Paleshet
170,Morgana Nightflower,morgana@ghostbusters.com,Transylvania
171,Testy McTestface,"123 Test Ln
Testoma, OR 87531 ",USA
172,Hrothgar GIl,1570 LeftRight Lane,Pique
173,Anne Shirley,"Green Gables
Avonlea
Prince Edward Island",Canada 
174,Dr Diogenes,"9/Currently Freezing St
Ripponlea, Victoria",Australia
175,Sokovia Accords,"57493 Mulberry Way
Yellowstone",Sarcastica
176,Julia Carver c/o Haven Herald,"466 Mulberry St
Haven, Maine",USA
177,Betty Boop,"69 Giggily Lane
Jump City",Merica
178,Celine Didi,284 Dale road,Middle Earth
179,Pepe Bob,Presidential Outhouse,MURKINA FASO
180,Duke Crocker,"Cape Rouge
Haven Harbor
Haven, ME 04855",United States
181,Sam Yao,"Comms Shack
Abel Township
Yorkshire
AB1 3TWN",UK
182,Claire,1947 Lallybroch Lane,Scotland
183,No,446,Mine
184,John Moore,"32, House Street,
Liverpool,
LANCASHIRE,
United Kingdom.
LV12 8RG",United Kingdom
185,Titiana Wren,"66 Dewdrop Lane
Suite 1506
Truth and Consequences, NM 12345",USA
186,Saoirse D'Arcy,"51 Toronto Street
South Uxbridge
Ontario L9P 1T1",Canada
187,Tavrin Callas,"13 Penitence Way
Temple Disctrict
Camorr",Camorr
188,Jake Chambers,Oh I don't have one,Midworld
189,Not Boaty McBoatface,"5555 so much wrong lane
new york, colorodo 66666",russia
190,Romana,12 Downton Lane,Gallifrey
191,Paperhands Smith,"123 Fakestreet, Springfield, Potatoland, the U S and A (turn left at Greenland) (avoid crashing into Soldier Island they have enough problems on their own)",Mars
192,Morty Yelnats,"1234 Not a real street
The Moon, NARS, 00000",Earth
193,Chet Flash,"1800 the moon
the moon
the moon
the moon",the moon
194,Bobby Tables,bobby@drop.com,Oz
195,Borg Magorg,3.14159b i dribble waaaay too much,A fucking massive cardboard box 
196,Zuppa di Day,"3552 Minestrone Dr.
Saskatchewan, Wherever Saskatchewan is...
Canada, The World
Milky Way, Local Cluster, etc.","Canada, I guess."
197,Meow Meowface,"The Catbasket
Windowbox in the sun
99 Lives St
Purrfect Peeeace, Catsholme, Cat-Holica, 99999",Cat-Holica
198,Marian Hawke,"1234 street
House on top of a hill",Home
199,Akhal Teke,"1 Fancy Horse Road
Portland, ME, 00001",USA 
200,Delta Church,"Room 2, Mother of Invention bridge",Space
201,Ragnell Szeto,145 Wellsprings Ave Cairo IL USA 3T5l8,USA
202,Maya Wiener,"666 Broken Dreams Blvd
Green Day, BJ 42069",Emoland
203,Charlotte the Spider,"Web above Wilbur's Stall, The Old Farmstead near the bend in the river, Towney Town,  1j2j3",Old Timey America
204,Remin Baskavits,"126 Cherry St 
Stontvale, Wi",United States
205,Tracy T. Tillman,"4353 Dye Street
Tempe, AZ 85283 ",USA
206,Anaander Mianaai,"Omaugh Palace, Omaugh Province, Radch",The Radch
207,Anders And,Paradis√¶blevej 111,Andeby
208,David Washington,"Apartment 223, Mother of Invention, 98102	",USA
209,El Barto,69 Stopstreet 4201337 Berlin,Russia
210,Michael J. Caboose,"The Blue Base
Blood Gulch",Space
211,Brontus McMiller,"6802 Bayfield Ave. Averne, New York",Five Guys
212,Q Jepson,"69 Creek Avenue
Shitson
Canoety",Yorickton
213,Amanda Hugginkiss,ahk@example.com,US
214,Hugo Second,"The Cottage
Moon Lane
Sun City
Wiltshire
So99 9OS",UK
215,Sherlock Holmes-Watson,"221B Baker Street, London, postcode",The Island of JohnLock
216,Jane Doe,"555 SE Boring Ln
Nowhere, OR 55555",USA
217,King Arthur,"The Throne Room, The Citadel",Camelot
218,P. Disarien,"#56 Kinigi dr.  Athabaski, Whashinigan",Matteri
219,Jack Bruce,221b Baker Street,UK
220,Tiggie Teriffic,"1 Rockin Ridge Road
Ridgefield Park
NJ   07660",USA
221,"Merlin Lord Emrys, Duke of Essetia","mum's hut, Ealdor",Essetir
222,Zaphod the Magnificent,1 Galactic Square (Palace),Beeblebroxitonia
223,Elodie Sinclair,"1800 Rue Adolphe Pinard, Laval, QC H7M 3X7",Canada
224,I-have-no-mouth-and-i-must-scream Connors,"That giant pyramid in which the Tyrell Corporation is housed, Los Angeles, California, in the year 2019",The Future United Future States of Future America
225,Emily Campbell,"Schildkr√∂tenweg 23
97362 Kiel",Germany
226,Eloise Eloquent,Timbuktu 562 Dr.,Kentucky
227,Sassy Cat,"1234 Bullwinkle Ln
Rocky, Moosylvania 12345",usa
228,Sifu Hotman,"Hotman Residence, Upper Ring, Ba Sing Se",Earth Kingdom
229,Samuel,111111 Trashbag Lane,Mars
230,Bobby Newport,"342 Sweetums Ave Pawnee, IN",US
231,Taco McBell,"#666 Suffering Way, 7th Circle, Hell",The Republic of Bees
232,Edna Edelweiss ,"345 Sunflower St, Margaritaville, FL 01234",USA
233,Oh god I didn't want to fill out more,"North York
South York
New Carolina",AAAAAAAAAAAAAA
234,"Gorblaxis Slaglon, King of Omega-Gamma VII","27 Doom Avenue, New York City, 08956",United States
235,Charles James Felizrocks,frutiesugarpb&j@gmail.com,usa
236,Dave Strider,fricking texas,murica
237,Alex Stewart,3 Levernside Close,Oompaloompa land
238,üëΩ üë≠ üòç üåå ,üëΩüë≠üòçüåå üëΩüë≠üòçüååüññ üëΩüë≠üòçüååüññ,üëΩ üë≠ üòç üåå üëΩ üë≠ üòç üåå 
239,Riley,rileysayshi@gmail.com,Wellakh
240,Kali Prrrrer,"Carrer del Gat 42
04020 Cala Gat",Spain
241,Gilbert Forthright,1 Kipper Street,Sokovia
242,Lucia Marino,"Brotherhood Bay, Alba, Thea",Vodacce
243,Jubilation Lee,"Xavier School, 616 Marvel Lane, Charlesville NY, 00616",USA
244,Fakey Faker,1234 Strato ≈útelo,Esperantujo
245,  I'm a wizard (‚à© Õ°¬∞ Õú ñ Õ°¬∞)‚äÉ‚îÅ‚òÜÔæü. * ÔΩ• ÔΩ°Ôæü. *,Hogwart's,Merrye Olde England
246,Meranna di Cantos,"Rucesion Street near the black board, Mileth",Temuair
247,Reginald Sinclair,"1 Porker's Close, Manchester",UK
248,Meg Murray,"45 Random Rd
Port Duckface 109860",Honorable Kingdom of Dizziness
249,Kethrys lawson,"Box 523 Station M
Toronto, Ontario
M5W 1E6",Canada 
250,Herman Owl,19978 Henderson's Corners Road,New Zealand
251,please help i'm trapped in this basement,666 Satan Cliff,Thanks Obama
252,Even Stephen,"123 bippity boppity doo street hell, mars 90210",Freedom City
253,Gerry James,123 Fake Street,India
254,Supreme Leader Kim Jong Un,"123 Fake Street, Pyongyang ",North Korea
255,Lemons Ransom,"14 W. Evening Primrose Blvd.
Lacus Somniorum
Isternes 60666",The Moon
256,Liliana Vess,1313 Geir Reach Sanitarium,Innistrad
257,Ad√°n N√°jera,"7th Den 1237 Bear Land,  Bear Dean N15457",Bearland
258,Garnet McBadass,107 The Horror Lane,Gemworld
259,Alfred Neuman,"2929 Hipster Enclave West, Brooklyn, NY",USA 
260,Ook,"Top Floor Library
Unseen University
Left Side Ankh-Morpork",Diskworld
261,Annabelle Dierett,"Central Castle, n 800",Taeat
262,Maria Turnbull,"29 Holloway Road, Ponsonby, Auckland",New Zealand
263,Jayden Starstorm,jaydenstheabsolutebest@myemail.com,Somerset
264,Julia Belvedere,"126 Ashbury Lane, Topeka KS 66606",United States
265,Callie Star,"17 Western Wastes, New Narnia",Further up
266,Nimps,"8311 Smith Blvd, Milwaukee, Nebraska",Georgia
267,The Lone Power,"King's Cross Worldgate
London, UK ",United Kingdom
268,Arcflash Watts,"Melancholy Hill
C/O Talent Affairs Office
9230 J Street
Washington, DC 20002",United States of America
269,The Grey Cat,"666 Siam St.
Mau, Maune, 66676",United Siamese Adults
270,Dude McPherseon-Plantaganet,"Apartment 2, 248 Franklinson Ranch Road, Lodgepolis, Louwies Co., Montana",United States of AMERICA 
271,Sallie Mae Banker,"300 Continental Drive 
Newark, DE 19713 ",USA
272,Declan,"33 Pokemon Lane
Baconville
Un-united Kingdom
BA6 9HG",Dublin
273,Marsh T. V. Skatekey II,"1 Robinson Road (it's a private Road, off the 613 between Government Landing and the turn-off for Lake DeSpair)
Unorganized Rainy River
Rainy River District
Ontario",Canada
274,Superfly McDr,N%&W@$ doodle drive,Mylantis
275,James); DROP TABLE Members; --,221b Baker st.,jimland
276,Swagamoto,"5346 Swag Street, Swagville",Swaglandia
277,Sauce Uke,"1 Uchiha Road
Uchiha Compound
Konohagakure",Kono-revenge-ha
278,Ryugazaki,"Some hotel
Some street
Some city",Japan probs
279,Bacon Wasabi Lettuce,"13 Grimmauld Place
London",Wizarding Britain
280,S'Pehzuulle S'Noaphlaekke,"101 Tumblr Lane, Tumblrton",Tumblria
281,Pikachu,"5 Pikapika
Pikachu",Pikapikapikachu
282,√Ö√• √Ñ√§,"√Öland
√ñlcon
FI-00001 √Ñlgby",√ñ√∂kk√∂sl√§ndi√•
283,Ture Storm,"Fanstiernas gata 41
11111 Stockholm",Sweden
284,Dr. John Smith,"The TARDIS
Tower of London",UK
285,a, -,"naw, thanks though"
286,Jack Rabbit,"12345 Antelope Court, Anytown, USA 55555",USA
287,MELEG Benedek,"Szeged
Hattas u.5
6020",HUNGARY
288,Dr. Richard Tuukc,"66 Gower St. 
London WC1E 6ED",England
289,–ï–ª–µ–Ω–∞ –®–≤–∞—Ä—Ü,"—É–ª. –î–µ–∫–∞–±—Ä–∏—Å—Ç–æ–≤ –¥. 14 –∫–≤. 4
–ú–û ‚Ññ3 ""–ê–¥–º–∏—Ä–∞–ª—Ç–µ–π—Å–∫–∏–π"", 
–ê–¥–º–∏—Ä–∞–ª—Ç–µ–π—Å–∫–∏–π —Ä–∞–π–æ–Ω
–≥. –°–∞–Ω–∫—Ç-–ü–µ—Ç–µ—Ä–±—É—Ä–≥
190000
",–†–æ—Å—Å–∏–π—Å–∫–∞—è –§–µ–¥–µ—Ä–∞—Ü–∏—è
290,Lindsay James,College University,United States
291,drop table;,drop table;,drop table;
292,slartibartfast albus hinikin iii,"4242 crinkly coast way
norway, ohio
999000",ex-england
293,Person,"123 Address Street
Address, ST 12345",USA
294,Claire Dale,"113 Prior St
Cedartown, GA  30125
United States",America
295,"Ponsonby Britt, O.B.E.",Government House,Transvaal Colony
296,Dr Oak,"10 Only Street, Pallet Town",Kanto
297,Ginger Johnson,"2224 Parham Drive, Wilmington, NC 28403",US
298,Tilda Gelhorn,"1757 Redgate Farms Court, Rockville, MD",USA
299,"Princess Ariadne, Daughter of Minos","The Palace, The Citadel, Knossos",Crete
300,Robin Williamson,"111 Maple Drive, Salem, MA  10101",United States
301,Anna Ixnay,"1540 Main Street, East Jordan, MI 47927",U.S.A
302,Mijn Foute Naam ,"Hier int Dorp 666,
Amsterdam",Netherlands
303,Jean Valjean,"55 Rue Plumet, Paris",France
304,Anastasia S√øth,"221 Baker St, Holland, MI",US
305,Shelby Shaun Bradbury,"Pureshed City, London, England
332 Sandy Road",England
306,Klurgni Baamdord,"6603 Wells Parkway
University Park, MD 20782",The Seventh Turn
307,Ball Field,"1060 W Addison, Chicago, IL 60613",Illinoisvania
308,Fizzgig von Fuzzelbutt,"1313 Dead End Road
Rlyeh",Hell
309,Fairy Land,"Under the Rock
In that field over there
You know the one",Ireland
310,Fizzleborg Humperding,"?03 Micker Str. 
0815 Krachmannlachens  ",Banalachen